month,wind_speed
1,3.866076388888889
2,3.6641396263520156
3,3.613475582437276
4,3.504565972222222
5,4.048919130824372
6,3.660491099608635
7,4.377994868035191
8,4.4015957966764425
9,4.195756313131313
10,4.033543499511241
11,3.8024015151515154
12,3.7855791788856306
